id,bibliographicCitation,occurrenceID,organismQuantity,organismQuantityType,eventDate,locality,minimumDepthInMeters,maximumDepthInMeters,decimalLatitude,decimalLongitude,coordinateUncertaintyInMeters,footprintWKT,scientificNameID,scientificName,taxonRank
WA_seagrass_Leschenault_2009_sites.59-halophila,,WA_seagrass_Leschenault_2009_sites.59-halophila,30,percent coverage,,Leschenault,0,0,-33.23168403,115.70874,200,POINT (115.70874 -33.23168403134651),urn:lsid:marinespecies.org:taxname:468368,Halophila sp.,genus
WA_seagrass_Leschenault_2009_sites.60-ruppia,,WA_seagrass_Leschenault_2009_sites.60-ruppia,5,percent coverage,5/04/2009,Leschenault,1,1,-33.23353603,115.705536,200,POINT (115.705536 -33.233536031349196),urn:lsid:marinespecies.org:taxname:234030,Ruppia sp.,genus
WA_seagrass_Leschenault_2009_sites.60-halophila,,WA_seagrass_Leschenault_2009_sites.60-halophila,25,percent coverage,5/04/2009,Leschenault,1,1,-33.23353603,115.705536,200,POINT (115.705536 -33.233536031349196),urn:lsid:marinespecies.org:taxname:468368,Halophila sp.,genus
WA_seagrass_Leschenault_2009_sites.61-ruppia,,WA_seagrass_Leschenault_2009_sites.61-ruppia,5,percent coverage,,Leschenault,0,0,-33.23362003,115.704987,200,POINT (115.70498700000003 -33.23362003134935),urn:lsid:marinespecies.org:taxname:234030,Ruppia sp.,genus
WA_seagrass_Leschenault_2009_sites.61-halophila,,WA_seagrass_Leschenault_2009_sites.61-halophila,25,percent coverage,,Leschenault,0,0,-33.23362003,115.704987,200,POINT (115.70498700000003 -33.23362003134935),urn:lsid:marinespecies.org:taxname:468368,Halophila sp.,genus
WA_seagrass_Leschenault_2009_sites.62-ruppia,,WA_seagrass_Leschenault_2009_sites.62-ruppia,5,percent coverage,5/04/2009,Leschenault,1,1,-33.22981003,115.703713,200,POINT (115.70371300000004 -33.2298100313438),urn:lsid:marinespecies.org:taxname:234030,Ruppia sp.,genus
WA_seagrass_Leschenault_2009_sites.62-halophila,,WA_seagrass_Leschenault_2009_sites.62-halophila,25,percent coverage,5/04/2009,Leschenault,1,1,-33.22981003,115.703713,200,POINT (115.70371300000004 -33.2298100313438),urn:lsid:marinespecies.org:taxname:468368,Halophila sp.,genus
WA_seagrass_Leschenault_2009_sites.63-ruppia,,WA_seagrass_Leschenault_2009_sites.63-ruppia,5,percent coverage,,Leschenault,0,0,-33.22975203,115.70337,200,POINT (115.70336999999999 -33.22975203134368),urn:lsid:marinespecies.org:taxname:234030,Ruppia sp.,genus
WA_seagrass_Leschenault_2009_sites.63-halophila,,WA_seagrass_Leschenault_2009_sites.63-halophila,25,percent coverage,,Leschenault,0,0,-33.22975203,115.70337,200,POINT (115.70336999999999 -33.22975203134368),urn:lsid:marinespecies.org:taxname:468368,Halophila sp.,genus
WA_seagrass_Leschenault_2009_sites.64-ruppia,,WA_seagrass_Leschenault_2009_sites.64-ruppia,75,percent coverage,3/04/2009,Leschenault,0,0,-33.22075403,115.707087,200,POINT (115.70708700000003 -33.22075403133054),urn:lsid:marinespecies.org:taxname:234030,Ruppia sp.,genus
WA_seagrass_Leschenault_2009_sites.65-ruppia,,WA_seagrass_Leschenault_2009_sites.65-ruppia,50,percent coverage,3/04/2009,Leschenault,0,0,-33.21153203,115.70409,200,POINT (115.70409000000001 -33.21153203131706),urn:lsid:marinespecies.org:taxname:234030,Ruppia sp.,genus
WA_seagrass_Leschenault_2009_sites.67-ruppia,,WA_seagrass_Leschenault_2009_sites.67-ruppia,75,percent coverage,3/04/2009,Leschenault,0,0,-33.20643803,115.703424,200,POINT (115.70342399999998 -33.206438031309595),urn:lsid:marinespecies.org:taxname:234030,Ruppia sp.,genus
WA_seagrass_Leschenault_2009_sites.68-ruppia,,WA_seagrass_Leschenault_2009_sites.68-ruppia,50,percent coverage,3/04/2009,Leschenault,0,0,-33.20806203,115.704302,200,POINT (115.704302 -33.208062031311954),urn:lsid:marinespecies.org:taxname:234030,Ruppia sp.,genus
WA_seagrass_Leschenault_2009_sites.69-ruppia,,WA_seagrass_Leschenault_2009_sites.69-ruppia,50,percent coverage,,Leschenault,0,0,-33.20875603,115.70427,200,POINT (115.70427 -33.20875603131298),urn:lsid:marinespecies.org:taxname:234030,Ruppia sp.,genus
WA_seagrass_Leschenault_2009_sites.70-ruppia,,WA_seagrass_Leschenault_2009_sites.70-ruppia,70,percent coverage,3/04/2009,Leschenault,0,0,-33.21590603,115.698832,200,POINT (115.69883199999998 -33.21590603132343),urn:lsid:marinespecies.org:taxname:234030,Ruppia sp.,genus
WA_seagrass_Leschenault_2009_sites.71-ruppia,,WA_seagrass_Leschenault_2009_sites.71-ruppia,50,percent coverage,3/04/2009,Leschenault,0,0,-33.21577703,115.701227,200,POINT (115.70122700000002 -33.21577703132322),urn:lsid:marinespecies.org:taxname:234030,Ruppia sp.,genus
WA_seagrass_Leschenault_2009_sites.73-ruppia,,WA_seagrass_Leschenault_2009_sites.73-ruppia,20,percent coverage,3/04/2009,Leschenault,0,0,-33.22040203,115.696726,200,POINT (115.69672600000001 -33.22040203133002),urn:lsid:marinespecies.org:taxname:234030,Ruppia sp.,genus
WA_seagrass_Leschenault_2009_sites.76-halophila,,WA_seagrass_Leschenault_2009_sites.76-halophila,10,percent coverage,2/04/2009,Leschenault,1,1,-33.24109403,115.701217,200,POINT (115.70121700000004 -33.24109403136022),urn:lsid:marinespecies.org:taxname:468368,Halophila sp.,genus
WA_seagrass_Leschenault_2009_sites.77-halophila,,WA_seagrass_Leschenault_2009_sites.77-halophila,20,percent coverage,2/04/2009,Leschenault,1,1,-33.23787603,115.701383,200,POINT (115.701383 -33.23787603135555),urn:lsid:marinespecies.org:taxname:468368,Halophila sp.,genus
WA_seagrass_Leschenault_2009_sites.78-halophila,,WA_seagrass_Leschenault_2009_sites.78-halophila,20,percent coverage,2/04/2009,Leschenault,0,0,-33.23803703,115.702099,200,POINT (115.702099 -33.23803703135576),urn:lsid:marinespecies.org:taxname:468368,Halophila sp.,genus
WA_seagrass_Leschenault_2009_sites.79-halophila,,WA_seagrass_Leschenault_2009_sites.79-halophila,50,percent coverage,2/04/2009,Leschenault,1,1,-33.24030003,115.702935,200,POINT (115.702935 -33.24030003135909),urn:lsid:marinespecies.org:taxname:468368,Halophila sp.,genus
WA_seagrass_Leschenault_2009_sites.80-halophila,,WA_seagrass_Leschenault_2009_sites.80-halophila,50,percent coverage,2/04/2009,Leschenault,0,0,-33.24064803,115.702522,200,POINT (115.70252200000003 -33.24064803135957),urn:lsid:marinespecies.org:taxname:468368,Halophila sp.,genus
WA_seagrass_Leschenault_2009_sites.81-ruppia,,WA_seagrass_Leschenault_2009_sites.81-ruppia,5,percent coverage,2/04/2009,Leschenault,1,1,-33.24338303,115.701001,200,POINT (115.70100100000005 -33.24338303136361),urn:lsid:marinespecies.org:taxname:234030,Ruppia sp.,genus
WA_seagrass_Leschenault_2009_sites.81-halophila,,WA_seagrass_Leschenault_2009_sites.81-halophila,20,percent coverage,2/04/2009,Leschenault,1,1,-33.24338303,115.701001,200,POINT (115.70100100000005 -33.24338303136361),urn:lsid:marinespecies.org:taxname:468368,Halophila sp.,genus
WA_seagrass_Leschenault_2009_sites.82-ruppia,,WA_seagrass_Leschenault_2009_sites.82-ruppia,5,percent coverage,2/04/2009,Leschenault,0,0,-33.24361303,115.70059,200,POINT (115.70059000000003 -33.24361303136394),urn:lsid:marinespecies.org:taxname:234030,Ruppia sp.,genus
WA_seagrass_Leschenault_2009_sites.82-halophila,,WA_seagrass_Leschenault_2009_sites.82-halophila,20,percent coverage,2/04/2009,Leschenault,0,0,-33.24361303,115.70059,200,POINT (115.70059000000003 -33.24361303136394),urn:lsid:marinespecies.org:taxname:468368,Halophila sp.,genus
WA_seagrass_Leschenault_2009_sites.83-ruppia,,WA_seagrass_Leschenault_2009_sites.83-ruppia,5,percent coverage,2/04/2009,Leschenault,1,1,-33.24061503,115.698498,200,POINT (115.69849799999999 -33.240615031359575),urn:lsid:marinespecies.org:taxname:234030,Ruppia sp.,genus
WA_seagrass_Leschenault_2009_sites.83-halophila,,WA_seagrass_Leschenault_2009_sites.83-halophila,10,percent coverage,2/04/2009,Leschenault,1,1,-33.24061503,115.698498,200,POINT (115.69849799999999 -33.240615031359575),urn:lsid:marinespecies.org:taxname:468368,Halophila sp.,genus
WA_seagrass_Leschenault_2009_sites.84-ruppia,,WA_seagrass_Leschenault_2009_sites.84-ruppia,5,percent coverage,2/04/2009,Leschenault,0,0,-33.24065503,115.698938,200,POINT (115.698938 -33.2406550313596),urn:lsid:marinespecies.org:taxname:234030,Ruppia sp.,genus
WA_seagrass_Leschenault_2009_sites.84-halophila,,WA_seagrass_Leschenault_2009_sites.84-halophila,10,percent coverage,2/04/2009,Leschenault,0,0,-33.24065503,115.698938,200,POINT (115.698938 -33.2406550313596),urn:lsid:marinespecies.org:taxname:468368,Halophila sp.,genus
WA_seagrass_Leschenault_2009_sites.85-halophila,,WA_seagrass_Leschenault_2009_sites.85-halophila,10,percent coverage,2/04/2009,Leschenault,1,1,-33.25016703,115.701233,200,POINT (115.70123299999997 -33.25016703137351),urn:lsid:marinespecies.org:taxname:468368,Halophila sp.,genus
WA_seagrass_Leschenault_2009_sites.86-halophila,,WA_seagrass_Leschenault_2009_sites.86-halophila,5,percent coverage,2/04/2009,Leschenault,1,1,-33.24710403,115.700634,200,POINT (115.700634 -33.24710403136904),urn:lsid:marinespecies.org:taxname:468368,Halophila sp.,genus
WA_seagrass_Leschenault_2009_sites.87-halophila,,WA_seagrass_Leschenault_2009_sites.87-halophila,5,percent coverage,2/04/2009,Leschenault,0,0,-33.24684103,115.700574,200,POINT (115.70057400000002 -33.246841031368646),urn:lsid:marinespecies.org:taxname:468368,Halophila sp.,genus
WA_seagrass_Leschenault_2009_sites.88-halophila,,WA_seagrass_Leschenault_2009_sites.88-halophila,5,percent coverage,2/04/2009,Leschenault,1,1,-33.25016603,115.704539,200,POINT (115.70453899999998 -33.25016603137352),urn:lsid:marinespecies.org:taxname:468368,Halophila sp.,genus
WA_seagrass_Leschenault_2009_sites.89-halophila,,WA_seagrass_Leschenault_2009_sites.89-halophila,5,percent coverage,2/04/2009,Leschenault,0,0,-33.25006403,115.704337,200,POINT (115.70433700000001 -33.250064031373356),urn:lsid:marinespecies.org:taxname:468368,Halophila sp.,genus
WA_seagrass_Leschenault_2009_sites.90-halophila,,WA_seagrass_Leschenault_2009_sites.90-halophila,110,percent coverage,2/04/2009,Leschenault,1,1,-33.25277303,115.70112,200,POINT (115.70112000000003 -33.25277303137731),urn:lsid:marinespecies.org:taxname:468368,Halophila sp.,genus
WA_seagrass_Leschenault_2009_sites.91-halophila,,WA_seagrass_Leschenault_2009_sites.91-halophila,110,percent coverage,2/04/2009,Leschenault,0,0,-33.25268103,115.70096,200,POINT (115.70096000000001 -33.25268103137719),urn:lsid:marinespecies.org:taxname:468368,Halophila sp.,genus
WA_seagrass_Leschenault_2009_sites.92-halophila,,WA_seagrass_Leschenault_2009_sites.92-halophila,10,percent coverage,2/04/2009,Leschenault,1,1,-33.24970703,115.698632,200,POINT (115.69863200000002 -33.24970703137284),urn:lsid:marinespecies.org:taxname:468368,Halophila sp.,genus
WA_seagrass_Leschenault_2009_sites.92-heterozost,,WA_seagrass_Leschenault_2009_sites.92-heterozost,10,percent coverage,2/04/2009,Leschenault,1,1,-33.24970703,115.698632,200,POINT (115.69863200000002 -33.24970703137284),urn:lsid:marinespecies.org:taxname:374710,Heterozostera sp.,Species
WA_seagrass_Leschenault_2009_sites.93-halophila,,WA_seagrass_Leschenault_2009_sites.93-halophila,10,percent coverage,2/04/2009,Leschenault,0,0,-33.24922703,115.698446,200,POINT (115.69844600000002 -33.2492270313721),urn:lsid:marinespecies.org:taxname:468368,Halophila sp.,genus
WA_seagrass_Leschenault_2009_sites.93-heterozost,,WA_seagrass_Leschenault_2009_sites.93-heterozost,10,percent coverage,2/04/2009,Leschenault,0,0,-33.24922703,115.698446,200,POINT (115.69844600000002 -33.2492270313721),urn:lsid:marinespecies.org:taxname:374710,Heterozostera sp.,Species
WA_seagrass_Leschenault_2009_sites.94-halophila,,WA_seagrass_Leschenault_2009_sites.94-halophila,10,percent coverage,2/04/2009,Leschenault,1,1,-33.25896703,115.700996,200,POINT (115.700996 -33.25896703138635),urn:lsid:marinespecies.org:taxname:468368,Halophila sp.,genus
WA_seagrass_Leschenault_2009_sites.95-ruppia,,WA_seagrass_Leschenault_2009_sites.95-ruppia,5,percent coverage,2/04/2009,Leschenault,1,1,-33.25638903,115.701045,200,POINT (115.70104500000001 -33.2563890313826),urn:lsid:marinespecies.org:taxname:234030,Ruppia sp.,genus
WA_seagrass_Leschenault_2009_sites.95-halophila,,WA_seagrass_Leschenault_2009_sites.95-halophila,20,percent coverage,2/04/2009,Leschenault,1,1,-33.25638903,115.701045,200,POINT (115.70104500000001 -33.2563890313826),urn:lsid:marinespecies.org:taxname:468368,Halophila sp.,genus
WA_seagrass_Leschenault_2009_sites.96-ruppia,,WA_seagrass_Leschenault_2009_sites.96-ruppia,5,percent coverage,2/04/2009,Leschenault,0,0,-33.25598303,115.70104,200,POINT (115.70104 -33.25598303138199),urn:lsid:marinespecies.org:taxname:234030,Ruppia sp.,genus
WA_seagrass_Leschenault_2009_sites.96-halophila,,WA_seagrass_Leschenault_2009_sites.96-halophila,20,percent coverage,2/04/2009,Leschenault,0,0,-33.25598303,115.70104,200,POINT (115.70104 -33.25598303138199),urn:lsid:marinespecies.org:taxname:468368,Halophila sp.,genus
WA_seagrass_Leschenault_2009_sites.97-halophila,,WA_seagrass_Leschenault_2009_sites.97-halophila,10,percent coverage,2/04/2009,Leschenault,2,2,-33.25951803,115.70365,200,POINT (115.70365000000001 -33.25951803138713),urn:lsid:marinespecies.org:taxname:468368,Halophila sp.,genus
WA_seagrass_Leschenault_2009_sites.98-halophila,,WA_seagrass_Leschenault_2009_sites.98-halophila,10,percent coverage,2/04/2009,Leschenault,0,0,-33.25878803,115.703714,200,POINT (115.703714 -33.258788031386096),urn:lsid:marinespecies.org:taxname:468368,Halophila sp.,genus
WA_seagrass_Leschenault_2009_sites.99-halophila,,WA_seagrass_Leschenault_2009_sites.99-halophila,20,percent coverage,2/04/2009,Leschenault,1,1,-33.26165303,115.700763,200,POINT (115.70076300000002 -33.26165303139026),urn:lsid:marinespecies.org:taxname:468368,Halophila sp.,genus
WA_seagrass_Leschenault_2009_sites.100-halophila,,WA_seagrass_Leschenault_2009_sites.100-halophila,20,percent coverage,2/04/2009,Leschenault,0,0,-33.26171403,115.700558,200,POINT (115.700558 -33.261714031390355),urn:lsid:marinespecies.org:taxname:468368,Halophila sp.,genus
WA_seagrass_Leschenault_2009_sites.101-halophila,,WA_seagrass_Leschenault_2009_sites.101-halophila,20,percent coverage,2/04/2009,Leschenault,1,1,-33.25926103,115.698866,200,POINT (115.69886600000002 -33.25926103138678),urn:lsid:marinespecies.org:taxname:468368,Halophila sp.,genus
WA_seagrass_Leschenault_2009_sites.102-halophila,,WA_seagrass_Leschenault_2009_sites.102-halophila,20,percent coverage,2/04/2009,Leschenault,0,0,-33.25948303,115.698562,200,POINT (115.69856199999998 -33.25948303138711),urn:lsid:marinespecies.org:taxname:468368,Halophila sp.,genus
WA_seagrass_Leschenault_2009_sites.115-halophila,,WA_seagrass_Leschenault_2009_sites.115-halophila,10,percent coverage,30/03/2009,Leschenault,2,2,-33.27681303,115.704135,200,POINT (115.70413500000002 -33.27681303141237),urn:lsid:marinespecies.org:taxname:468368,Halophila sp.,genus
WA_seagrass_Leschenault_2009_sites.116-halophila,,WA_seagrass_Leschenault_2009_sites.116-halophila,10,percent coverage,30/03/2009,Leschenault,0,0,-33.27718903,115.70384,200,POINT (115.70384 -33.27718903141289),urn:lsid:marinespecies.org:taxname:468368,Halophila sp.,genus
WA_seagrass_Leschenault_2009_sites.130-ruppia,,WA_seagrass_Leschenault_2009_sites.130-ruppia,80,percent coverage,30/03/2009,Leschenault,1,1,-33.29279303,115.700548,200,POINT (115.700548 -33.29279303143565),urn:lsid:marinespecies.org:taxname:234030,Ruppia sp.,genus
WA_seagrass_Leschenault_2009_sites.131-ruppia,,WA_seagrass_Leschenault_2009_sites.131-ruppia,80,percent coverage,30/03/2009,Leschenault,1,1,-33.29018403,115.700297,200,POINT (115.70029700000002 -33.29018403143186),urn:lsid:marinespecies.org:taxname:234030,Ruppia sp.,genus
WA_seagrass_Leschenault_2009_sites.131-halophila,,WA_seagrass_Leschenault_2009_sites.131-halophila,10,percent coverage,30/03/2009,Leschenault,1,1,-33.29018403,115.700297,200,POINT (115.70029700000002 -33.29018403143186),urn:lsid:marinespecies.org:taxname:468368,Halophila sp.,genus
WA_seagrass_Leschenault_2009_sites.132-ruppia,,WA_seagrass_Leschenault_2009_sites.132-ruppia,80,percent coverage,30/03/2009,Leschenault,0,0,-33.29033403,115.699994,200,POINT (115.699994 -33.29033403143208),urn:lsid:marinespecies.org:taxname:234030,Ruppia sp.,genus
WA_seagrass_Leschenault_2009_sites.132-halophila,,WA_seagrass_Leschenault_2009_sites.132-halophila,10,percent coverage,30/03/2009,Leschenault,0,0,-33.29033403,115.699994,200,POINT (115.699994 -33.29033403143208),urn:lsid:marinespecies.org:taxname:468368,Halophila sp.,genus
WA_seagrass_Leschenault_2009_sites.133-ruppia,,WA_seagrass_Leschenault_2009_sites.133-ruppia,80,percent coverage,30/03/2009,Leschenault,1,1,-33.29294703,115.702296,200,POINT (115.702296 -33.29294703143585),urn:lsid:marinespecies.org:taxname:234030,Ruppia sp.,genus
WA_seagrass_Leschenault_2009_sites.134-ruppia,,WA_seagrass_Leschenault_2009_sites.134-ruppia,80,percent coverage,30/03/2009,Leschenault,0,0,-33.29319803,115.702164,200,POINT (115.702164 -33.29319803143622),urn:lsid:marinespecies.org:taxname:234030,Ruppia sp.,genus
WA_seagrass_Leschenault_2009_sites.135-halophila,,WA_seagrass_Leschenault_2009_sites.135-halophila,20,percent coverage,30/03/2009,Leschenault,1,1,-33.29546303,115.698822,200,POINT (115.698822 -33.29546303143956),urn:lsid:marinespecies.org:taxname:468368,Halophila sp.,genus
WA_seagrass_Leschenault_2009_sites.136-halophila,,WA_seagrass_Leschenault_2009_sites.136-halophila,20,percent coverage,30/03/2009,Leschenault,0,0,-33.29544203,115.698511,200,POINT (115.698511 -33.29544203143952),urn:lsid:marinespecies.org:taxname:468368,Halophila sp.,genus
WA_seagrass_Leschenault_2009_sites.142-halophila,,WA_seagrass_Leschenault_2009_sites.142-halophila,20,percent coverage,31/03/2009,Leschenault,1,1,-33.30327703,115.699995,200,POINT (115.69999500000004 -33.3032770314509),urn:lsid:marinespecies.org:taxname:468368,Halophila sp.,genus
WA_seagrass_Leschenault_2009_sites.145-halophila,,WA_seagrass_Leschenault_2009_sites.145-halophila,40,percent coverage,31/03/2009,Leschenault,0,0,-33.30115503,115.697191,200,POINT (115.69719099999999 -33.30115503144785),urn:lsid:marinespecies.org:taxname:468368,Halophila sp.,genus
WA_seagrass_Leschenault_2009_sites.146-halophila,,WA_seagrass_Leschenault_2009_sites.146-halophila,40,percent coverage,31/03/2009,Leschenault,0,0,-33.30090103,115.697077,200,POINT (115.69707700000002 -33.30090103144743),urn:lsid:marinespecies.org:taxname:468368,Halophila sp.,genus
WA_seagrass_Leschenault_2009_sites.152-halophila,,WA_seagrass_Leschenault_2009_sites.152-halophila,50,percent coverage,31/03/2009,Leschenault,1,1,-33.29736603,115.691137,200,POINT (115.69113700000003 -33.2973660314423),urn:lsid:marinespecies.org:taxname:468368,Halophila sp.,genus
WA_seagrass_Leschenault_2009_sites.152-heterozost,,WA_seagrass_Leschenault_2009_sites.152-heterozost,10,percent coverage,31/03/2009,Leschenault,1,1,-33.29736603,115.691137,200,POINT (115.69113700000003 -33.2973660314423),urn:lsid:marinespecies.org:taxname:374710,Heterozostera sp.,Species
WA_seagrass_Leschenault_2009_sites.153-halophila,,WA_seagrass_Leschenault_2009_sites.153-halophila,50,percent coverage,31/03/2009,Leschenault,0,0,-33.29792803,115.690538,200,POINT (115.69053800000002 -33.29792803144311),urn:lsid:marinespecies.org:taxname:468368,Halophila sp.,genus
WA_seagrass_Leschenault_2009_sites.153-heterozost,,WA_seagrass_Leschenault_2009_sites.153-heterozost,10,percent coverage,31/03/2009,Leschenault,0,0,-33.29792803,115.690538,200,POINT (115.69053800000002 -33.29792803144311),urn:lsid:marinespecies.org:taxname:374710,Heterozostera sp.,Species
WA_seagrass_Leschenault_2009_sites.166-halophila,,WA_seagrass_Leschenault_2009_sites.166-halophila,60,percent coverage,31/03/2009,Leschenault,1,1,-33.27395203,115.692785,200,POINT (115.692785 -33.27395203140821),urn:lsid:marinespecies.org:taxname:468368,Halophila sp.,genus
WA_seagrass_Leschenault_2009_sites.167-halophila,,WA_seagrass_Leschenault_2009_sites.167-halophila,60,percent coverage,31/03/2009,Leschenault,0,0,-33.27462203,115.693022,200,POINT (115.69302199999997 -33.27462203140918),urn:lsid:marinespecies.org:taxname:468368,Halophila sp.,genus
WA_seagrass_Leschenault_2009_sites.175-halophila,,WA_seagrass_Leschenault_2009_sites.175-halophila,20,percent coverage,31/03/2009,Leschenault,1,1,-33.26492403,115.692802,200,POINT (115.69280200000001 -33.26492403139501),urn:lsid:marinespecies.org:taxname:468368,Halophila sp.,genus
WA_seagrass_Leschenault_2009_sites.175-heterozost,,WA_seagrass_Leschenault_2009_sites.175-heterozost,5,percent coverage,31/03/2009,Leschenault,1,1,-33.26492403,115.692802,200,POINT (115.69280200000001 -33.26492403139501),urn:lsid:marinespecies.org:taxname:374710,Heterozostera sp.,Species
WA_seagrass_Leschenault_2009_sites.176-halophila,,WA_seagrass_Leschenault_2009_sites.176-halophila,20,percent coverage,31/03/2009,Leschenault,0,0,-33.26517803,115.692862,200,POINT (115.692862 -33.26517803139539),urn:lsid:marinespecies.org:taxname:468368,Halophila sp.,genus
WA_seagrass_Leschenault_2009_sites.176-heterozost,,WA_seagrass_Leschenault_2009_sites.176-heterozost,5,percent coverage,31/03/2009,Leschenault,0,0,-33.26517803,115.692862,200,POINT (115.692862 -33.26517803139539),urn:lsid:marinespecies.org:taxname:374710,Heterozostera sp.,Species
WA_seagrass_Leschenault_2009_sites.183-halophila,,WA_seagrass_Leschenault_2009_sites.183-halophila,5,percent coverage,31/03/2009,Leschenault,1,1,-33.25902603,115.692804,200,POINT (115.69280400000004 -33.25902603138645),urn:lsid:marinespecies.org:taxname:468368,Halophila sp.,genus
WA_seagrass_Leschenault_2009_sites.184-halophila,,WA_seagrass_Leschenault_2009_sites.184-halophila,10,percent coverage,31/03/2009,Leschenault,1,1,-33.25577103,115.692906,200,POINT (115.69290600000002 -33.255771031381705),urn:lsid:marinespecies.org:taxname:468368,Halophila sp.,genus
WA_seagrass_Leschenault_2009_sites.185-halophila,,WA_seagrass_Leschenault_2009_sites.185-halophila,10,percent coverage,31/03/2009,Leschenault,0,0,-33.25621403,115.693007,200,POINT (115.69300699999998 -33.25621403138235),urn:lsid:marinespecies.org:taxname:468368,Halophila sp.,genus
WA_seagrass_Leschenault_2009_sites.186-halophila,,WA_seagrass_Leschenault_2009_sites.186-halophila,20,percent coverage,31/03/2009,Leschenault,1,1,-33.25899303,115.69566,200,POINT (115.69565999999998 -33.258993031386375),urn:lsid:marinespecies.org:taxname:468368,Halophila sp.,genus
WA_seagrass_Leschenault_2009_sites.187-halophila,,WA_seagrass_Leschenault_2009_sites.187-halophila,20,percent coverage,31/03/2009,Leschenault,0,0,-33.25937103,115.695622,200,POINT (115.695622 -33.259371031386934),urn:lsid:marinespecies.org:taxname:468368,Halophila sp.,genus
WA_seagrass_Leschenault_2009_sites.188-halophila,,WA_seagrass_Leschenault_2009_sites.188-halophila,20,percent coverage,31/03/2009,Leschenault,1,1,-33.26136203,115.69279,200,POINT (115.69279 -33.26136203138983),urn:lsid:marinespecies.org:taxname:468368,Halophila sp.,genus
WA_seagrass_Leschenault_2009_sites.189-halophila,,WA_seagrass_Leschenault_2009_sites.189-halophila,20,percent coverage,31/03/2009,Leschenault,0,0,-33.26197703,115.692975,200,POINT (115.69297500000002 -33.26197703139074),urn:lsid:marinespecies.org:taxname:468368,Halophila sp.,genus
WA_seagrass_Leschenault_2009_sites.190-halophila,,WA_seagrass_Leschenault_2009_sites.190-halophila,10,percent coverage,2/04/2009,Leschenault,1,1,-33.24983003,115.695732,200,POINT (115.695732 -33.249830031373),urn:lsid:marinespecies.org:taxname:468368,Halophila sp.,genus
WA_seagrass_Leschenault_2009_sites.191-halophila,,WA_seagrass_Leschenault_2009_sites.191-halophila,5,percent coverage,2/04/2009,Leschenault,1,1,-33.24709803,115.695826,200,POINT (115.69582599999998 -33.24709803136899),urn:lsid:marinespecies.org:taxname:468368,Halophila sp.,genus
WA_seagrass_Leschenault_2009_sites.192-halophila,,WA_seagrass_Leschenault_2009_sites.192-halophila,5,percent coverage,2/04/2009,Leschenault,0,0,-33.24679903,115.695637,200,POINT (115.69563700000002 -33.24679903136858),urn:lsid:marinespecies.org:taxname:468368,Halophila sp.,genus
WA_seagrass_Leschenault_2009_sites.193-halophila,,WA_seagrass_Leschenault_2009_sites.193-halophila,5,percent coverage,2/04/2009,Leschenault,1,1,-33.25077003,115.697639,200,POINT (115.69763900000001 -33.25077003137437),urn:lsid:marinespecies.org:taxname:468368,Halophila sp.,genus
WA_seagrass_Leschenault_2009_sites.194-halophila,,WA_seagrass_Leschenault_2009_sites.194-halophila,5,percent coverage,2/04/2009,Leschenault,0,0,-33.25085603,115.69723,200,POINT (115.69723000000002 -33.2508560313745),urn:lsid:marinespecies.org:taxname:468368,Halophila sp.,genus
WA_seagrass_Leschenault_2009_sites.195-halophila,,WA_seagrass_Leschenault_2009_sites.195-halophila,20,percent coverage,2/04/2009,Leschenault,1,1,-33.25285603,115.6953,200,POINT (115.69530000000002 -33.25285603137744),urn:lsid:marinespecies.org:taxname:468368,Halophila sp.,genus
WA_seagrass_Leschenault_2009_sites.196-halophila,,WA_seagrass_Leschenault_2009_sites.196-halophila,20,percent coverage,2/04/2009,Leschenault,0,0,-33.25282703,115.695107,200,POINT (115.695107 -33.252827031377365),urn:lsid:marinespecies.org:taxname:468368,Halophila sp.,genus
WA_seagrass_Leschenault_2009_sites.197-ruppia,,WA_seagrass_Leschenault_2009_sites.197-ruppia,5,percent coverage,2/04/2009,Leschenault,1,1,-33.24789503,115.693485,200,POINT (115.693485 -33.24789503137018),urn:lsid:marinespecies.org:taxname:234030,Ruppia sp.,genus
WA_seagrass_Leschenault_2009_sites.197-halophila,,WA_seagrass_Leschenault_2009_sites.197-halophila,10,percent coverage,2/04/2009,Leschenault,1,1,-33.24789503,115.693485,200,POINT (115.693485 -33.24789503137018),urn:lsid:marinespecies.org:taxname:468368,Halophila sp.,genus
WA_seagrass_Leschenault_2009_sites.198-ruppia,,WA_seagrass_Leschenault_2009_sites.198-ruppia,5,percent coverage,2/04/2009,Leschenault,0,0,-33.24797403,115.69416,200,POINT (115.69415999999998 -33.2479740313703),urn:lsid:marinespecies.org:taxname:234030,Ruppia sp.,genus
WA_seagrass_Leschenault_2009_sites.198-halophila,,WA_seagrass_Leschenault_2009_sites.198-halophila,10,percent coverage,2/04/2009,Leschenault,0,0,-33.24797403,115.69416,200,POINT (115.69415999999998 -33.2479740313703),urn:lsid:marinespecies.org:taxname:468368,Halophila sp.,genus
WA_seagrass_Leschenault_2009_sites.200-halophila,,WA_seagrass_Leschenault_2009_sites.200-halophila,5,percent coverage,2/04/2009,Leschenault,1,1,-33.29110503,115.684948,200,POINT (115.684948 -33.29110503143319),urn:lsid:marinespecies.org:taxname:468368,Halophila sp.,genus
WA_seagrass_Leschenault_2009_sites.201-halophila,,WA_seagrass_Leschenault_2009_sites.201-halophila,5,percent coverage,2/04/2009,Leschenault,0,0,-33.29073203,115.68548,200,POINT (115.68548 -33.29073203143267),urn:lsid:marinespecies.org:taxname:468368,Halophila sp.,genus
WA_seagrass_Leschenault_2009_sites.204-halophila,,WA_seagrass_Leschenault_2009_sites.204-halophila,50,percent coverage,2/04/2009,Leschenault,1,1,-33.29691203,115.684861,200,POINT (115.684861 -33.296912031441686),urn:lsid:marinespecies.org:taxname:468368,Halophila sp.,genus
WA_seagrass_Leschenault_2009_sites.204-heterozost,,WA_seagrass_Leschenault_2009_sites.204-heterozost,5,percent coverage,2/04/2009,Leschenault,1,1,-33.29691203,115.684861,200,POINT (115.684861 -33.296912031441686),urn:lsid:marinespecies.org:taxname:374710,Heterozostera sp.,Species
WA_seagrass_Leschenault_2009_sites.205-halophila,,WA_seagrass_Leschenault_2009_sites.205-halophila,50,percent coverage,2/04/2009,Leschenault,0,0,-33.29608203,115.685689,200,POINT (115.685689 -33.29608203144042),urn:lsid:marinespecies.org:taxname:468368,Halophila sp.,genus
WA_seagrass_Leschenault_2009_sites.205-heterozost,,WA_seagrass_Leschenault_2009_sites.205-heterozost,5,percent coverage,2/04/2009,Leschenault,0,0,-33.29608203,115.685689,200,POINT (115.685689 -33.29608203144042),urn:lsid:marinespecies.org:taxname:374710,Heterozostera sp.,Species
WA_seagrass_Leschenault_2009_sites.206-halophila,,WA_seagrass_Leschenault_2009_sites.206-halophila,5,percent coverage,2/04/2009,Leschenault,1,1,-33.29406603,115.684388,200,POINT (115.68438800000003 -33.29406603143752),urn:lsid:marinespecies.org:taxname:468368,Halophila sp.,genus
WA_seagrass_Leschenault_2009_sites.207-halophila,,WA_seagrass_Leschenault_2009_sites.207-halophila,5,percent coverage,2/04/2009,Leschenault,0,0,-33.29364703,115.684813,200,POINT (115.684813 -33.293647031436905),urn:lsid:marinespecies.org:taxname:468368,Halophila sp.,genus
WA_seagrass_Leschenault_2009_sites.208-halophila,,WA_seagrass_Leschenault_2009_sites.208-halophila,75,percent coverage,2/04/2009,Leschenault,1,1,-33.30500403,115.682494,200,POINT (115.682494 -33.30500403145348),urn:lsid:marinespecies.org:taxname:468368,Halophila sp.,genus
WA_seagrass_Leschenault_2009_sites.209-halophila,,WA_seagrass_Leschenault_2009_sites.209-halophila,75,percent coverage,2/04/2009,Leschenault,1,1,-33.30213303,115.683053,200,POINT (115.68305300000002 -33.302133031449245),urn:lsid:marinespecies.org:taxname:468368,Halophila sp.,genus
WA_seagrass_Leschenault_2009_sites.210-halophila,,WA_seagrass_Leschenault_2009_sites.210-halophila,75,percent coverage,2/04/2009,Leschenault,0,0,-33.30212703,115.68417,200,POINT (115.68416999999998 -33.30212703144924),urn:lsid:marinespecies.org:taxname:468368,Halophila sp.,genus
WA_seagrass_Leschenault_2009_sites.211-halophila,,WA_seagrass_Leschenault_2009_sites.211-halophila,5,percent coverage,2/04/2009,Leschenault,1,1,-33.30518403,115.685027,200,POINT (115.68502700000002 -33.305184031453685),urn:lsid:marinespecies.org:taxname:468368,Halophila sp.,genus
WA_seagrass_Leschenault_2009_sites.212-halophila,,WA_seagrass_Leschenault_2009_sites.212-halophila,5,percent coverage,2/04/2009,Leschenault,0,0,-33.30525203,115.685401,200,POINT (115.68540100000004 -33.30525203145382),urn:lsid:marinespecies.org:taxname:468368,Halophila sp.,genus
WA_seagrass_Leschenault_2009_sites.213-halophila,,WA_seagrass_Leschenault_2009_sites.213-halophila,50,percent coverage,2/04/2009,Leschenault,0,0,-33.30693503,115.680886,200,POINT (115.68088600000003 -33.30693503145628),urn:lsid:marinespecies.org:taxname:468368,Halophila sp.,genus
WA_seagrass_Leschenault_2009_sites.213-heterozost,,WA_seagrass_Leschenault_2009_sites.213-heterozost,10,percent coverage,2/04/2009,Leschenault,0,0,-33.30693503,115.680886,200,POINT (115.68088600000003 -33.30693503145628),urn:lsid:marinespecies.org:taxname:374710,Heterozostera sp.,Species
WA_seagrass_Leschenault_2009_sites.214-halophila,,WA_seagrass_Leschenault_2009_sites.214-halophila,50,percent coverage,2/04/2009,Leschenault,0,0,-33.30708903,115.681765,200,POINT (115.68176500000001 -33.307089031456485),urn:lsid:marinespecies.org:taxname:468368,Halophila sp.,genus
WA_seagrass_Leschenault_2009_sites.214-heterozost,,WA_seagrass_Leschenault_2009_sites.214-heterozost,10,percent coverage,2/04/2009,Leschenault,0,0,-33.30708903,115.681765,200,POINT (115.68176500000001 -33.307089031456485),urn:lsid:marinespecies.org:taxname:374710,Heterozostera sp.,Species
WA_seagrass_Leschenault_2009_sites.215-halophila,,WA_seagrass_Leschenault_2009_sites.215-halophila,5,percent coverage,2/04/2009,Leschenault,1,1,-33.30330703,115.679792,200,POINT (115.67979200000002 -33.30330703145092),urn:lsid:marinespecies.org:taxname:468368,Halophila sp.,genus
WA_seagrass_Leschenault_2009_sites.215-heterozost,,WA_seagrass_Leschenault_2009_sites.215-heterozost,5,percent coverage,2/04/2009,Leschenault,1,1,-33.30330703,115.679792,200,POINT (115.67979200000002 -33.30330703145092),urn:lsid:marinespecies.org:taxname:374710,Heterozostera sp.,Species
WA_seagrass_Leschenault_2009_sites.216-halophila,,WA_seagrass_Leschenault_2009_sites.216-halophila,5,percent coverage,2/04/2009,Leschenault,0,0,-33.30295703,115.680839,200,POINT (115.68083900000002 -33.30295703145046),urn:lsid:marinespecies.org:taxname:468368,Halophila sp.,genus
WA_seagrass_Leschenault_2009_sites.216-heterozost,,WA_seagrass_Leschenault_2009_sites.216-heterozost,5,percent coverage,2/04/2009,Leschenault,0,0,-33.30295703,115.680839,200,POINT (115.68083900000002 -33.30295703145046),urn:lsid:marinespecies.org:taxname:374710,Heterozostera sp.,Species
WA_seagrass_Leschenault_2009_sites.217-halophila,,WA_seagrass_Leschenault_2009_sites.217-halophila,75,percent coverage,2/04/2009,Leschenault,1,1,-33.30955503,115.68132,200,POINT (115.68132000000001 -33.30955503146007),urn:lsid:marinespecies.org:taxname:468368,Halophila sp.,genus
WA_seagrass_Leschenault_2009_sites.217-heterozost,,WA_seagrass_Leschenault_2009_sites.217-heterozost,5,percent coverage,2/04/2009,Leschenault,1,1,-33.30955503,115.68132,200,POINT (115.68132000000001 -33.30955503146007),urn:lsid:marinespecies.org:taxname:374710,Heterozostera sp.,Species
WA_seagrass_Leschenault_2009_sites.218-halophila,,WA_seagrass_Leschenault_2009_sites.218-halophila,75,percent coverage,2/04/2009,Leschenault,1,1,-33.30816603,115.681308,200,POINT (115.68130800000002 -33.30816603145799),urn:lsid:marinespecies.org:taxname:468368,Halophila sp.,genus
WA_seagrass_Leschenault_2009_sites.218-heterozost,,WA_seagrass_Leschenault_2009_sites.218-heterozost,5,percent coverage,2/04/2009,Leschenault,1,1,-33.30816603,115.681308,200,POINT (115.68130800000002 -33.30816603145799),urn:lsid:marinespecies.org:taxname:374710,Heterozostera sp.,Species
WA_seagrass_Leschenault_2009_sites.219-halophila,,WA_seagrass_Leschenault_2009_sites.219-halophila,75,percent coverage,2/04/2009,Leschenault,0,0,-33.30812903,115.682007,200,POINT (115.682007 -33.30812903145799),urn:lsid:marinespecies.org:taxname:468368,Halophila sp.,genus
WA_seagrass_Leschenault_2009_sites.219-heterozost,,WA_seagrass_Leschenault_2009_sites.219-heterozost,5,percent coverage,2/04/2009,Leschenault,0,0,-33.30812903,115.682007,200,POINT (115.682007 -33.30812903145799),urn:lsid:marinespecies.org:taxname:374710,Heterozostera sp.,Species
WA_seagrass_Leschenault_2009_sites.220-halophila,,WA_seagrass_Leschenault_2009_sites.220-halophila,75,percent coverage,2/04/2009,Leschenault,1,1,-33.30979703,115.68282,200,POINT (115.68282000000004 -33.30979703146042),urn:lsid:marinespecies.org:taxname:468368,Halophila sp.,genus
WA_seagrass_Leschenault_2009_sites.220-heterozost,,WA_seagrass_Leschenault_2009_sites.220-heterozost,5,percent coverage,2/04/2009,Leschenault,1,1,-33.30979703,115.68282,200,POINT (115.68282000000004 -33.30979703146042),urn:lsid:marinespecies.org:taxname:374710,Heterozostera sp.,Species
WA_seagrass_Leschenault_2009_sites.221-halophila,,WA_seagrass_Leschenault_2009_sites.221-halophila,75,percent coverage,2/04/2009,Leschenault,0,0,-33.30980303,115.683378,200,POINT (115.68337800000002 -33.309803031460426),urn:lsid:marinespecies.org:taxname:468368,Halophila sp.,genus
WA_seagrass_Leschenault_2009_sites.221-heterozost,,WA_seagrass_Leschenault_2009_sites.221-heterozost,5,percent coverage,2/04/2009,Leschenault,0,0,-33.30980303,115.683378,200,POINT (115.68337800000002 -33.309803031460426),urn:lsid:marinespecies.org:taxname:374710,Heterozostera sp.,Species
WA_seagrass_Leschenault_2009_sites.222-halophila,,WA_seagrass_Leschenault_2009_sites.222-halophila,75,percent coverage,2/04/2009,Leschenault,1,1,-33.31094503,115.681342,200,POINT (115.681342 -33.310945031462104),urn:lsid:marinespecies.org:taxname:468368,Halophila sp.,genus
WA_seagrass_Leschenault_2009_sites.222-heterozost,,WA_seagrass_Leschenault_2009_sites.222-heterozost,5,percent coverage,2/04/2009,Leschenault,1,1,-33.31094503,115.681342,200,POINT (115.681342 -33.310945031462104),urn:lsid:marinespecies.org:taxname:374710,Heterozostera sp.,Species
WA_seagrass_Leschenault_2009_sites.223-halophila,,WA_seagrass_Leschenault_2009_sites.223-halophila,75,percent coverage,2/04/2009,Leschenault,0,0,-33.31094503,115.682265,200,POINT (115.682265 -33.310945031462104),urn:lsid:marinespecies.org:taxname:468368,Halophila sp.,genus
WA_seagrass_Leschenault_2009_sites.223-heterozost,,WA_seagrass_Leschenault_2009_sites.223-heterozost,5,percent coverage,2/04/2009,Leschenault,0,0,-33.31094503,115.682265,200,POINT (115.682265 -33.310945031462104),urn:lsid:marinespecies.org:taxname:374710,Heterozostera sp.,Species
WA_seagrass_Leschenault_2009_sites.224-heterozost,,WA_seagrass_Leschenault_2009_sites.224-heterozost,20,percent coverage,2/04/2009,Leschenault,1,1,-33.30924603,115.680175,200,POINT (115.68017500000002 -33.30924603145963),urn:lsid:marinespecies.org:taxname:374710,Heterozostera sp.,Species
WA_seagrass_Leschenault_2009_sites.1-ruppia,,WA_seagrass_Leschenault_2009_sites.1-ruppia,80,percent coverage,5/04/2009,Leschenault,1,1,-33.28592803,115.708145,200,POINT (115.70814499999999 -33.285928031425655),urn:lsid:marinespecies.org:taxname:234030,Ruppia sp.,genus
WA_seagrass_Leschenault_2009_sites.2-ruppia,,WA_seagrass_Leschenault_2009_sites.2-ruppia,5,percent coverage,5/04/2009,Leschenault,2,2,-33.28589103,115.708962,200,POINT (115.708962 -33.285891031425614),urn:lsid:marinespecies.org:taxname:234030,Ruppia sp.,genus
WA_seagrass_Leschenault_2009_sites.2-halophila,,WA_seagrass_Leschenault_2009_sites.2-halophila,20,percent coverage,5/04/2009,Leschenault,2,2,-33.28589103,115.708962,200,POINT (115.708962 -33.285891031425614),urn:lsid:marinespecies.org:taxname:468368,Halophila sp.,genus
WA_seagrass_Leschenault_2009_sites.3-ruppia,,WA_seagrass_Leschenault_2009_sites.3-ruppia,5,percent coverage,,Leschenault,0,0,-33.28595303,115.708832,200,POINT (115.70883200000002 -33.28595303142567),urn:lsid:marinespecies.org:taxname:234030,Ruppia sp.,genus
WA_seagrass_Leschenault_2009_sites.3-halophila,,WA_seagrass_Leschenault_2009_sites.3-halophila,20,percent coverage,,Leschenault,0,0,-33.28595303,115.708832,200,POINT (115.70883200000002 -33.28595303142567),urn:lsid:marinespecies.org:taxname:468368,Halophila sp.,genus
WA_seagrass_Leschenault_2009_sites.4-ruppia,,WA_seagrass_Leschenault_2009_sites.4-ruppia,80,percent coverage,5/04/2009,Leschenault,1,1,-33.28305103,115.708188,200,POINT (115.70818800000004 -33.283051031421444),urn:lsid:marinespecies.org:taxname:234030,Ruppia sp.,genus
WA_seagrass_Leschenault_2009_sites.5-ruppia,,WA_seagrass_Leschenault_2009_sites.5-ruppia,80,percent coverage,,Leschenault,0,0,-33.28316503,115.707864,200,POINT (115.70786400000003 -33.283165031421596),urn:lsid:marinespecies.org:taxname:234030,Ruppia sp.,genus
WA_seagrass_Leschenault_2009_sites.6-ruppia,,WA_seagrass_Leschenault_2009_sites.6-ruppia,80,percent coverage,5/04/2009,Leschenault,1,1,-33.28841403,115.707862,200,POINT (115.70786200000003 -33.28841403142929),urn:lsid:marinespecies.org:taxname:234030,Ruppia sp.,genus
WA_seagrass_Leschenault_2009_sites.6-halophila,,WA_seagrass_Leschenault_2009_sites.6-halophila,10,percent coverage,5/04/2009,Leschenault,1,1,-33.28841403,115.707862,200,POINT (115.70786200000003 -33.28841403142929),urn:lsid:marinespecies.org:taxname:468368,Halophila sp.,genus
WA_seagrass_Leschenault_2009_sites.7-ruppia,,WA_seagrass_Leschenault_2009_sites.7-ruppia,80,percent coverage,,Leschenault,0,0,-33.28848203,115.70741,200,POINT (115.70741000000002 -33.28848203142935),urn:lsid:marinespecies.org:taxname:234030,Ruppia sp.,genus
WA_seagrass_Leschenault_2009_sites.7-halophila,,WA_seagrass_Leschenault_2009_sites.7-halophila,10,percent coverage,,Leschenault,0,0,-33.28848203,115.70741,200,POINT (115.70741000000002 -33.28848203142935),urn:lsid:marinespecies.org:taxname:468368,Halophila sp.,genus
WA_seagrass_Leschenault_2009_sites.10-ruppia,,WA_seagrass_Leschenault_2009_sites.10-ruppia,100,percent coverage,29/03/2009,Leschenault,1,1,-33.27471803,115.709116,200,POINT (115.709116 -33.27471803140929),urn:lsid:marinespecies.org:taxname:234030,Ruppia sp.,genus
WA_seagrass_Leschenault_2009_sites.11-ruppia,,WA_seagrass_Leschenault_2009_sites.11-ruppia,100,percent coverage,29/03/2009,Leschenault,1,1,-33.27156503,115.70854,200,POINT (115.70854000000001 -33.271565031404684),urn:lsid:marinespecies.org:taxname:234030,Ruppia sp.,genus
WA_seagrass_Leschenault_2009_sites.11-halophila,,WA_seagrass_Leschenault_2009_sites.11-halophila,5,percent coverage,29/03/2009,Leschenault,1,1,-33.27156503,115.70854,200,POINT (115.70854000000001 -33.271565031404684),urn:lsid:marinespecies.org:taxname:468368,Halophila sp.,genus
WA_seagrass_Leschenault_2009_sites.12-ruppia,,WA_seagrass_Leschenault_2009_sites.12-ruppia,100,percent coverage,,Leschenault,0,0,-33.27142403,115.708864,200,POINT (115.70886400000002 -33.271424031404514),urn:lsid:marinespecies.org:taxname:234030,Ruppia sp.,genus
WA_seagrass_Leschenault_2009_sites.12-halophila,,WA_seagrass_Leschenault_2009_sites.12-halophila,5,percent coverage,,Leschenault,0,0,-33.27142403,115.708864,200,POINT (115.70886400000002 -33.271424031404514),urn:lsid:marinespecies.org:taxname:468368,Halophila sp.,genus
WA_seagrass_Leschenault_2009_sites.13-ruppia,,WA_seagrass_Leschenault_2009_sites.13-ruppia,100,percent coverage,29/03/2009,Leschenault,1,1,-33.27487903,115.712399,200,POINT (115.71239899999999 -33.274879031409554),urn:lsid:marinespecies.org:taxname:234030,Ruppia sp.,genus
WA_seagrass_Leschenault_2009_sites.14-ruppia,,WA_seagrass_Leschenault_2009_sites.14-ruppia,100,percent coverage,,Leschenault,0,0,-33.27461203,115.712757,200,POINT (115.71275700000001 -33.274612031409156),urn:lsid:marinespecies.org:taxname:234030,Ruppia sp.,genus
WA_seagrass_Leschenault_2009_sites.15-ruppia,,WA_seagrass_Leschenault_2009_sites.15-ruppia,80,percent coverage,29/03/2009,Leschenault,1,1,-33.27673903,115.70914,200,POINT (115.70914000000003 -33.276739031412234),urn:lsid:marinespecies.org:taxname:234030,Ruppia sp.,genus
WA_seagrass_Leschenault_2009_sites.16-ruppia,,WA_seagrass_Leschenault_2009_sites.16-ruppia,80,percent coverage,,Leschenault,0,0,-33.27676203,115.709601,200,POINT (115.709601 -33.27676203141229),urn:lsid:marinespecies.org:taxname:234030,Ruppia sp.,genus
WA_seagrass_Leschenault_2009_sites.17-ruppia,,WA_seagrass_Leschenault_2009_sites.17-ruppia,10,percent coverage,29/03/2009,Leschenault,1,1,-33.27414003,115.705581,200,POINT (115.70558099999998 -33.274140031408464),urn:lsid:marinespecies.org:taxname:234030,Ruppia sp.,genus
WA_seagrass_Leschenault_2009_sites.17-halophila,,WA_seagrass_Leschenault_2009_sites.17-halophila,30,percent coverage,29/03/2009,Leschenault,1,1,-33.27414003,115.705581,200,POINT (115.70558099999998 -33.274140031408464),urn:lsid:marinespecies.org:taxname:468368,Halophila sp.,genus
WA_seagrass_Leschenault_2009_sites.18-ruppia,,WA_seagrass_Leschenault_2009_sites.18-ruppia,10,percent coverage,,Leschenault,0,0,-33.27410803,115.705904,200,POINT (115.705904 -33.27410803140844),urn:lsid:marinespecies.org:taxname:234030,Ruppia sp.,genus
WA_seagrass_Leschenault_2009_sites.18-halophila,,WA_seagrass_Leschenault_2009_sites.18-halophila,30,percent coverage,,Leschenault,0,0,-33.27410803,115.705904,200,POINT (115.705904 -33.27410803140844),urn:lsid:marinespecies.org:taxname:468368,Halophila sp.,genus
WA_seagrass_Leschenault_2009_sites.20-halophila,,WA_seagrass_Leschenault_2009_sites.20-halophila,60,percent coverage,29/03/2009,Leschenault,2,2,-33.26139603,115.70899,200,POINT (115.70899 -33.26139603138988),urn:lsid:marinespecies.org:taxname:468368,Halophila sp.,genus
WA_seagrass_Leschenault_2009_sites.21-halophila,,WA_seagrass_Leschenault_2009_sites.21-halophila,60,percent coverage,,Leschenault,0,0,-33.26104303,115.708909,200,POINT (115.70890900000002 -33.26104303138935),urn:lsid:marinespecies.org:taxname:468368,Halophila sp.,genus
WA_seagrass_Leschenault_2009_sites.22-ruppia,,WA_seagrass_Leschenault_2009_sites.22-ruppia,75,percent coverage,29/03/2009,Leschenault,1,1,-33.26512503,115.71301,200,POINT (115.71301000000003 -33.26512503139531),urn:lsid:marinespecies.org:taxname:234030,Ruppia sp.,genus
WA_seagrass_Leschenault_2009_sites.23-ruppia,,WA_seagrass_Leschenault_2009_sites.23-ruppia,75,percent coverage,,Leschenault,0,0,-33.26529903,115.71313,200,POINT (115.71313 -33.265299031395585),urn:lsid:marinespecies.org:taxname:234030,Ruppia sp.,genus
WA_seagrass_Leschenault_2009_sites.28-halophila,,WA_seagrass_Leschenault_2009_sites.28-halophila,5,percent coverage,29/03/2009,Leschenault,2,2,-33.25677703,115.70894,200,POINT (115.70894000000001 -33.25677703138315),urn:lsid:marinespecies.org:taxname:468368,Halophila sp.,genus
WA_seagrass_Leschenault_2009_sites.29-halophila,,WA_seagrass_Leschenault_2009_sites.29-halophila,5,percent coverage,29/03/2009,Leschenault,2,2,-33.25329503,115.70883,200,POINT (115.70883000000003 -33.253295031378045),urn:lsid:marinespecies.org:taxname:468368,Halophila sp.,genus
WA_seagrass_Leschenault_2009_sites.30-halophila,,WA_seagrass_Leschenault_2009_sites.30-halophila,5,percent coverage,,Leschenault,0,0,-33.25314803,115.708574,200,POINT (115.70857400000003 -33.25314803137787),urn:lsid:marinespecies.org:taxname:468368,Halophila sp.,genus
WA_seagrass_Leschenault_2009_sites.31-ruppia,,WA_seagrass_Leschenault_2009_sites.31-ruppia,75,percent coverage,29/03/2009,Leschenault,1,1,-33.25259803,115.711245,200,POINT (115.71124500000005 -33.25259803137704),urn:lsid:marinespecies.org:taxname:234030,Ruppia sp.,genus
WA_seagrass_Leschenault_2009_sites.32-ruppia,,WA_seagrass_Leschenault_2009_sites.32-ruppia,75,percent coverage,,Leschenault,0,0,-33.25259803,115.711245,200,POINT (115.71124500000005 -33.25259803137704),urn:lsid:marinespecies.org:taxname:234030,Ruppia sp.,genus
WA_seagrass_Leschenault_2009_sites.33-halophila,,WA_seagrass_Leschenault_2009_sites.33-halophila,15,percent coverage,29/03/2009,Leschenault,2,2,-33.25423603,115.709127,200,POINT (115.70912699999998 -33.25423603137942),urn:lsid:marinespecies.org:taxname:468368,Halophila sp.,genus
WA_seagrass_Leschenault_2009_sites.34-halophila,,WA_seagrass_Leschenault_2009_sites.34-halophila,15,percent coverage,,Leschenault,0,0,-33.25390003,115.70895,200,POINT (115.70895 -33.25390003137893),urn:lsid:marinespecies.org:taxname:468368,Halophila sp.,genus
WA_seagrass_Leschenault_2009_sites.35-halophila,,WA_seagrass_Leschenault_2009_sites.35-halophila,15,percent coverage,29/03/2009,Leschenault,1,1,-33.25635803,115.705081,200,POINT (115.70508100000005 -33.25635803138254),urn:lsid:marinespecies.org:taxname:468368,Halophila sp.,genus
WA_seagrass_Leschenault_2009_sites.36-halophila,,WA_seagrass_Leschenault_2009_sites.36-halophila,15,percent coverage,,Leschenault,0,0,-33.25582303,115.704735,200,POINT (115.704735 -33.25582303138177),urn:lsid:marinespecies.org:taxname:468368,Halophila sp.,genus
WA_seagrass_Leschenault_2009_sites.37-halophila,,WA_seagrass_Leschenault_2009_sites.37-halophila,10,percent coverage,29/03/2009,Leschenault,2,2,-33.24776703,115.708911,200,POINT (115.70891100000003 -33.24776703137002),urn:lsid:marinespecies.org:taxname:468368,Halophila sp.,genus
WA_seagrass_Leschenault_2009_sites.38-ruppia,,WA_seagrass_Leschenault_2009_sites.38-ruppia,5,percent coverage,29/03/2009,Leschenault,1,1,-33.24469103,115.708881,200,POINT (115.708881 -33.24469103136553),urn:lsid:marinespecies.org:taxname:234030,Ruppia sp.,genus
WA_seagrass_Leschenault_2009_sites.38-halophila,,WA_seagrass_Leschenault_2009_sites.38-halophila,30,percent coverage,29/03/2009,Leschenault,1,1,-33.24469103,115.708881,200,POINT (115.708881 -33.24469103136553),urn:lsid:marinespecies.org:taxname:468368,Halophila sp.,genus
WA_seagrass_Leschenault_2009_sites.39-ruppia,,WA_seagrass_Leschenault_2009_sites.39-ruppia,5,percent coverage,,Leschenault,0,0,-33.24407803,115.70888,200,POINT (115.70888 -33.24407803136463),urn:lsid:marinespecies.org:taxname:234030,Ruppia sp.,genus
WA_seagrass_Leschenault_2009_sites.39-halophila,,WA_seagrass_Leschenault_2009_sites.39-halophila,30,percent coverage,,Leschenault,0,0,-33.24407803,115.70888,200,POINT (115.70888 -33.24407803136463),urn:lsid:marinespecies.org:taxname:468368,Halophila sp.,genus
WA_seagrass_Leschenault_2009_sites.40-ruppia,,WA_seagrass_Leschenault_2009_sites.40-ruppia,75,percent coverage,29/03/2009,Leschenault,2,2,-33.24730203,115.711934,200,POINT (115.71193399999999 -33.24730203136928),urn:lsid:marinespecies.org:taxname:234030,Ruppia sp.,genus
WA_seagrass_Leschenault_2009_sites.40-halophila,,WA_seagrass_Leschenault_2009_sites.40-halophila,10,percent coverage,29/03/2009,Leschenault,2,2,-33.24730203,115.711934,200,POINT (115.71193399999999 -33.24730203136928),urn:lsid:marinespecies.org:taxname:468368,Halophila sp.,genus
WA_seagrass_Leschenault_2009_sites.41-ruppia,,WA_seagrass_Leschenault_2009_sites.41-ruppia,75,percent coverage,,Leschenault,0,0,-33.24732903,115.711011,200,POINT (115.711011 -33.247329031369375),urn:lsid:marinespecies.org:taxname:234030,Ruppia sp.,genus
WA_seagrass_Leschenault_2009_sites.41-halophila,,WA_seagrass_Leschenault_2009_sites.41-halophila,10,percent coverage,,Leschenault,0,0,-33.24732903,115.711011,200,POINT (115.711011 -33.247329031369375),urn:lsid:marinespecies.org:taxname:468368,Halophila sp.,genus
WA_seagrass_Leschenault_2009_sites.42-halophila,,WA_seagrass_Leschenault_2009_sites.42-halophila,5,percent coverage,29/03/2009,Leschenault,2,2,-33.25059503,115.708558,200,POINT (115.708558 -33.25059503137411),urn:lsid:marinespecies.org:taxname:468368,Halophila sp.,genus
WA_seagrass_Leschenault_2009_sites.43-halophila,,WA_seagrass_Leschenault_2009_sites.43-halophila,5,percent coverage,,Leschenault,0,0,-33.25027303,115.707951,200,POINT (115.707951 -33.25027303137367),urn:lsid:marinespecies.org:taxname:468368,Halophila sp.,genus
WA_seagrass_Leschenault_2009_sites.44-halophila,,WA_seagrass_Leschenault_2009_sites.44-halophila,5,percent coverage,29/03/2009,Leschenault,2,2,-33.24705903,115.704124,200,POINT (115.704124 -33.247059031368956),urn:lsid:marinespecies.org:taxname:468368,Halophila sp.,genus
WA_seagrass_Leschenault_2009_sites.45-halophila,,WA_seagrass_Leschenault_2009_sites.45-halophila,5,percent coverage,,Leschenault,0,0,-33.24678503,115.703806,200,POINT (115.70380600000001 -33.24678503136857),urn:lsid:marinespecies.org:taxname:468368,Halophila sp.,genus
WA_seagrass_Leschenault_2009_sites.46-ruppia,,WA_seagrass_Leschenault_2009_sites.46-ruppia,50,percent coverage,5/04/2009,Leschenault,1,1,-33.23903003,115.709179,200,POINT (115.70917900000002 -33.23903003135725),urn:lsid:marinespecies.org:taxname:234030,Ruppia sp.,genus
WA_seagrass_Leschenault_2009_sites.47-ruppia,,WA_seagrass_Leschenault_2009_sites.47-ruppia,10,percent coverage,5/04/2009,Leschenault,1,1,-33.23576503,115.708283,200,POINT (115.70828300000004 -33.235765031352436),urn:lsid:marinespecies.org:taxname:234030,Ruppia sp.,genus
WA_seagrass_Leschenault_2009_sites.47-halophila,,WA_seagrass_Leschenault_2009_sites.47-halophila,10,percent coverage,5/04/2009,Leschenault,1,1,-33.23576503,115.708283,200,POINT (115.70828300000004 -33.235765031352436),urn:lsid:marinespecies.org:taxname:468368,Halophila sp.,genus
WA_seagrass_Leschenault_2009_sites.48-ruppia,,WA_seagrass_Leschenault_2009_sites.48-ruppia,10,percent coverage,,Leschenault,0,0,-33.23572203,115.708509,200,POINT (115.708509 -33.235722031352395),urn:lsid:marinespecies.org:taxname:234030,Ruppia sp.,genus
WA_seagrass_Leschenault_2009_sites.48-halophila,,WA_seagrass_Leschenault_2009_sites.48-halophila,10,percent coverage,,Leschenault,0,0,-33.23572203,115.708509,200,POINT (115.708509 -33.235722031352395),urn:lsid:marinespecies.org:taxname:468368,Halophila sp.,genus
WA_seagrass_Leschenault_2009_sites.49-ruppia,,WA_seagrass_Leschenault_2009_sites.49-ruppia,10,percent coverage,5/04/2009,Leschenault,0,0,-33.23791403,115.710269,200,POINT (115.710269 -33.237914031355594),urn:lsid:marinespecies.org:taxname:234030,Ruppia sp.,genus
WA_seagrass_Leschenault_2009_sites.49-halophila,,WA_seagrass_Leschenault_2009_sites.49-halophila,50,percent coverage,5/04/2009,Leschenault,0,0,-33.23791403,115.710269,200,POINT (115.710269 -33.237914031355594),urn:lsid:marinespecies.org:taxname:468368,Halophila sp.,genus
WA_seagrass_Leschenault_2009_sites.50-ruppia,,WA_seagrass_Leschenault_2009_sites.50-ruppia,10,percent coverage,,Leschenault,0,0,-33.23807903,115.709622,200,POINT (115.709622 -33.23807903135585),urn:lsid:marinespecies.org:taxname:234030,Ruppia sp.,genus
WA_seagrass_Leschenault_2009_sites.50-halophila,,WA_seagrass_Leschenault_2009_sites.50-halophila,50,percent coverage,,Leschenault,0,0,-33.23807903,115.709622,200,POINT (115.709622 -33.23807903135585),urn:lsid:marinespecies.org:taxname:468368,Halophila sp.,genus
WA_seagrass_Leschenault_2009_sites.51-ruppia,,WA_seagrass_Leschenault_2009_sites.51-ruppia,10,percent coverage,5/04/2009,Leschenault,1,1,-33.24044203,115.708793,200,POINT (115.70879300000001 -33.24044203135931),urn:lsid:marinespecies.org:taxname:234030,Ruppia sp.,genus
WA_seagrass_Leschenault_2009_sites.51-halophila,,WA_seagrass_Leschenault_2009_sites.51-halophila,50,percent coverage,5/04/2009,Leschenault,1,1,-33.24044203,115.708793,200,POINT (115.70879300000001 -33.24044203135931),urn:lsid:marinespecies.org:taxname:468368,Halophila sp.,genus
WA_seagrass_Leschenault_2009_sites.52-ruppia,,WA_seagrass_Leschenault_2009_sites.52-ruppia,10,percent coverage,,Leschenault,0,0,-33.24043603,115.708182,200,POINT (115.708182 -33.24043603135931),urn:lsid:marinespecies.org:taxname:234030,Ruppia sp.,genus
WA_seagrass_Leschenault_2009_sites.52-halophila,,WA_seagrass_Leschenault_2009_sites.52-halophila,50,percent coverage,,Leschenault,0,0,-33.24043603,115.708182,200,POINT (115.708182 -33.24043603135931),urn:lsid:marinespecies.org:taxname:468368,Halophila sp.,genus
WA_seagrass_Leschenault_2009_sites.53-ruppia,,WA_seagrass_Leschenault_2009_sites.53-ruppia,5,percent coverage,5/04/2009,Leschenault,1,1,-33.23748103,115.705875,200,POINT (115.705875 -33.237481031354974),urn:lsid:marinespecies.org:taxname:234030,Ruppia sp.,genus
WA_seagrass_Leschenault_2009_sites.53-halophila,,WA_seagrass_Leschenault_2009_sites.53-halophila,75,percent coverage,5/04/2009,Leschenault,1,1,-33.23748103,115.705875,200,POINT (115.705875 -33.237481031354974),urn:lsid:marinespecies.org:taxname:468368,Halophila sp.,genus
WA_seagrass_Leschenault_2009_sites.54-ruppia,,WA_seagrass_Leschenault_2009_sites.54-ruppia,5,percent coverage,,Leschenault,0,0,-33.23750303,115.705381,200,POINT (115.705381 -33.23750303135501),urn:lsid:marinespecies.org:taxname:234030,Ruppia sp.,genus
WA_seagrass_Leschenault_2009_sites.54-halophila,,WA_seagrass_Leschenault_2009_sites.54-halophila,75,percent coverage,,Leschenault,0,0,-33.23750303,115.705381,200,POINT (115.705381 -33.23750303135501),urn:lsid:marinespecies.org:taxname:468368,Halophila sp.,genus
WA_seagrass_Leschenault_2009_sites.55-ruppia,,WA_seagrass_Leschenault_2009_sites.55-ruppia,5,percent coverage,5/04/2009,Leschenault,1,1,-33.23196103,115.70675,200,POINT (115.70675 -33.23196103134691),urn:lsid:marinespecies.org:taxname:234030,Ruppia sp.,genus
WA_seagrass_Leschenault_2009_sites.56-ruppia,,WA_seagrass_Leschenault_2009_sites.56-ruppia,5,percent coverage,5/04/2009,Leschenault,1,1,-33.22868203,115.706273,200,POINT (115.70627299999998 -33.228682031342096),urn:lsid:marinespecies.org:taxname:234030,Ruppia sp.,genus
WA_seagrass_Leschenault_2009_sites.56-halophila,,WA_seagrass_Leschenault_2009_sites.56-halophila,20,percent coverage,5/04/2009,Leschenault,1,1,-33.22868203,115.706273,200,POINT (115.70627299999998 -33.228682031342096),urn:lsid:marinespecies.org:taxname:468368,Halophila sp.,genus
WA_seagrass_Leschenault_2009_sites.57-ruppia,,WA_seagrass_Leschenault_2009_sites.57-ruppia,5,percent coverage,,Leschenault,0,0,-33.22840503,115.705644,200,POINT (115.705644 -33.22840503134169),urn:lsid:marinespecies.org:taxname:234030,Ruppia sp.,genus
WA_seagrass_Leschenault_2009_sites.57-halophila,,WA_seagrass_Leschenault_2009_sites.57-halophila,20,percent coverage,,Leschenault,0,0,-33.22840503,115.705644,200,POINT (115.705644 -33.22840503134169),urn:lsid:marinespecies.org:taxname:468368,Halophila sp.,genus
WA_seagrass_Leschenault_2009_sites.58-ruppia,,WA_seagrass_Leschenault_2009_sites.58-ruppia,5,percent coverage,5/04/2009,Leschenault,1,1,-33.23168403,115.70874,200,POINT (115.70874 -33.23168403134651),urn:lsid:marinespecies.org:taxname:234030,Ruppia sp.,genus
WA_seagrass_Leschenault_2009_sites.58-halophila,,WA_seagrass_Leschenault_2009_sites.58-halophila,30,percent coverage,5/04/2009,Leschenault,1,1,-33.23168403,115.70874,200,POINT (115.70874 -33.23168403134651),urn:lsid:marinespecies.org:taxname:468368,Halophila sp.,genus
WA_seagrass_Leschenault_2009_sites.59-ruppia,,WA_seagrass_Leschenault_2009_sites.59-ruppia,5,percent coverage,,Leschenault,0,0,-33.23168403,115.70874,200,POINT (115.70874 -33.23168403134651),urn:lsid:marinespecies.org:taxname:234030,Ruppia sp.,genus
